work_id,row_number,normalized_title,resolved_title,existing_app_content_id,resolved_tmdb_id,resolved_media_type,duplicate_check_result,import_result,status_result,failure_reason
1,2,나의 히어로 아카데미아,나의 히어로 아카데미아,064b1bd2-526c-418c-b595-795b7d1bc52b,,,existing_app_match,dry_run_existing_status_update,would_update_completed,
2,3,헌터X헌터,헌터X헌터,,,,no_existing_match,manual_review,skipped_manual_review,"low or ambiguous TMDB confidence: best=107, second=106"
3,4,일곱 개의 대죄,일곱 개의 대죄,,62104,tv,no_existing_match,dry_run_new_content_to_create,would_update_completed,
4,5,니돈내산 독박투어,니돈내산 독박투어,,227395,tv,no_existing_match,dry_run_new_content_to_create,would_update_completed,
5,6,블랙 클로버,블랙 클로버,,73223,tv,no_existing_match,dry_run_new_content_to_create,would_update_completed,
6,7,진격의 거인,진격의 거인,,1429,tv,no_existing_match,dry_run_new_content_to_create,would_update_completed,
7,8,닥터 스톤,닥터 스톤,,86031,tv,no_existing_match,dry_run_new_content_to_create,would_update_completed,
8,9,전생했더니 슬라임이었던 건에 대하여,전생했더니 슬라임이었던 건에 대하여,,82684,tv,no_existing_match,dry_run_new_content_to_create,would_update_completed,
9,10,런닝맨,런닝맨,,,,no_existing_match,manual_review,skipped_manual_review,"low or ambiguous TMDB confidence: best=110, second=104"
10,11,냉장고를 부탁해,냉장고를 부탁해,,73036,tv,no_existing_match,dry_run_new_content_to_create,would_update_completed,
11,12,주술회전,주술회전,,95479,tv,no_existing_match,dry_run_new_content_to_create,would_update_completed,
12,13,육룡이 나르샤,육룡이 나르샤,,63927,tv,no_existing_match,dry_run_new_content_to_create,would_update_completed,
13,14,던전에서 만남을 추구하면 안 되는 걸까,던전에서 만남을 추구하면 안 되는 걸까,,62745,tv,no_existing_match,dry_run_new_content_to_create,would_update_completed,
14,15,도쿄 구울,도쿄 구울,e725b470-b026-4b0d-be2f-363dfcfe43c2,,,existing_app_match,dry_run_existing_status_update,would_update_completed,
15,16,방패 용사 성공담,방패 용사 성공담,,83095,tv,no_existing_match,dry_run_new_content_to_create,would_update_completed,
16,17,불꽃 소방대,불꽃 소방대,2ca362a7-26d0-46e5-95f8-32fa00e9f809,,,existing_app_match,dry_run_existing_status_update,would_update_completed,
17,18,소드 아트 온라인,소드 아트 온라인,,45782,tv,no_existing_match,dry_run_new_content_to_create,would_update_completed,
18,19,종말의 발키리,종말의 발키리,,114868,tv,no_existing_match,dry_run_new_content_to_create,would_update_completed,
19,20,도라이버,도라이버,,283647,tv,no_existing_match,dry_run_new_content_to_create,would_update_completed,
20,21,코드 기어스,코드 기어스,,,,no_existing_match,manual_review,skipped_manual_review,"low or ambiguous TMDB confidence: best=23, second=0"
21,22,전현무계획,전현무계획,,246527,tv,no_existing_match,dry_run_new_content_to_create,would_update_completed,
22,23,"틈만나면,","틈만나면,",,247805,tv,no_existing_match,dry_run_new_content_to_create,would_update_completed,
23,24,격투맨 바키,격투맨 바키,,80623,tv,no_existing_match,dry_run_new_content_to_create,would_update_completed,
24,25,달이 이끄는 이세계 여행,달이 이끄는 이세계 여행,,111819,tv,no_existing_match,dry_run_new_content_to_create,would_update_completed,
25,26,무직전생 ~이세계에 갔으면 최선을 다한다~,무직전생 ~이세계에 갔으면 최선을 다한다~,,94664,tv,no_existing_match,dry_run_new_content_to_create,would_update_completed,
26,27,장송의 프리렌,장송의 프리렌,,209867,tv,no_existing_match,dry_run_new_content_to_create,would_update_completed,
27,28,고려 거란 전쟁,고려 거란 전쟁,,218290,tv,no_existing_match,dry_run_new_content_to_create,would_update_completed,
28,29,기묘한 이야기,기묘한 이야기,,,,no_existing_match,manual_review,skipped_manual_review,"low or ambiguous TMDB confidence: best=110, second=105"
29,30,모범형사,모범형사,,99480,tv,no_existing_match,dry_run_new_content_to_create,would_update_completed,
30,31,환혼,환혼,,135157,tv,no_existing_match,dry_run_new_content_to_create,would_update_completed,
31,32,나는 솔로,나는 솔로,,,,no_existing_match,manual_review,skipped_manual_review,"low or ambiguous TMDB confidence: best=23, second=22"
32,33,미친맛집,미친맛집,,283645,tv,no_existing_match,dry_run_new_content_to_create,would_update_completed,
33,34,경이로운 소문,경이로운 소문,,113268,tv,no_existing_match,dry_run_new_content_to_create,would_update_completed,
34,35,니세코이,니세코이,,62640,tv,no_existing_match,dry_run_new_content_to_create,would_update_completed,
35,36,SPYxFAMILY 스파이 패밀리,SPYxFAMILY 스파이 패밀리,,120089,tv,no_existing_match,dry_run_new_content_to_create,would_update_completed,
36,37,나 혼자만 레벨업,나 혼자만 레벨업,,,,no_existing_match,manual_review,skipped_manual_review,"low or ambiguous TMDB confidence: best=107, second=104"
37,38,리갈하이,리갈하이,,85701,tv,no_existing_match,dry_run_new_content_to_create,would_update_completed,
38,39,슈타인즈 게이트,슈타인즈 게이트,,42509,tv,no_existing_match,dry_run_new_content_to_create,would_update_completed,
39,40,어둠의 실력자가 되고 싶어서!,어둠의 실력자가 되고 싶어서!,,119495,tv,no_existing_match,dry_run_new_content_to_create,would_update_completed,
40,41,지구마불 세계여행,지구마불 세계여행,,219465,tv,no_existing_match,dry_run_new_content_to_create,would_update_completed,
41,42,흑백요리사,흑백요리사,,245684,tv,no_existing_match,dry_run_new_content_to_create,would_update_completed,
42,43,괴수 8호,괴수 8호,,207468,tv,no_existing_match,dry_run_new_content_to_create,would_update_completed,
43,44,도쿄 리벤저스,도쿄 리벤저스,,105009,tv,no_existing_match,dry_run_new_content_to_create,would_update_completed,
44,45,블루 록,블루 록,,131041,tv,no_existing_match,dry_run_new_content_to_create,would_update_completed,
45,46,뿌리 깊은 나무,뿌리 깊은 나무,,41652,tv,no_existing_match,dry_run_new_content_to_create,would_update_completed,
46,47,슈타인즈 게이트 제로,슈타인즈 게이트 제로,,78102,tv,no_existing_match,dry_run_new_content_to_create,would_update_completed,
47,48,신들에게 주워진 남자,신들에게 주워진 남자,,102086,tv,no_existing_match,dry_run_new_content_to_create,would_update_completed,
48,49,엘리트들,엘리트들,,76669,tv,no_existing_match,dry_run_new_content_to_create,would_update_completed,
49,50,원펀맨,원펀맨,,63926,tv,no_existing_match,dry_run_new_content_to_create,would_update_completed,
50,51,단다단,단다단,,240411,tv,no_existing_match,dry_run_new_content_to_create,would_update_completed,
51,52,오징어 게임,오징어 게임,,93405,tv,no_existing_match,dry_run_new_content_to_create,would_update_completed,
52,53,사카모토 데이즈,사카모토 데이즈,,207332,tv,no_existing_match,dry_run_new_content_to_create,would_update_completed,
53,54,달의 연인 - 보보경심 려,달의 연인 - 보보경심 려,,66433,tv,no_existing_match,dry_run_new_content_to_create,would_update_completed,
54,55,드래곤볼 다이마,드래곤볼 다이마,,236994,tv,no_existing_match,dry_run_new_content_to_create,would_update_completed,
55,56,미녀 공심이,미녀 공심이,,66431,tv,no_existing_match,dry_run_new_content_to_create,would_update_completed,
56,57,빈센조,빈센조,,117376,tv,no_existing_match,dry_run_new_content_to_create,would_update_completed,
57,58,응답하라 1988,응답하라 1988,74e6caef-adf5-484c-958d-122fc08c05ea,,,existing_app_match,dry_run_existing_status_update,would_update_completed,
58,59,"A랭크 파티를 이탈한 나는, 전 제자들과 미궁 심부를 목표로 한다.","A랭크 파티를 이탈한 나는, 전 제자들과 미궁 심부를 목표로 한다.",,270487,tv,no_existing_match,dry_run_new_content_to_create,would_update_completed,
59,60,던전밥,던전밥,,207784,tv,no_existing_match,dry_run_new_content_to_create,would_update_completed,
60,61,플런더러,플런더러,,93149,tv,no_existing_match,dry_run_new_content_to_create,would_update_completed,
61,62,라디에이션 하우스,라디에이션 하우스,d80031c6-06c4-40ab-8e62-b9cbf79d13b5,88264,tv,tmdb_existing_match,dry_run_tmdb_existing_status_update,would_update_completed,
62,63,미스터 션샤인,미스터 션샤인,,75820,tv,no_existing_match,dry_run_new_content_to_create,would_update_completed,
63,64,아스달 연대기,아스달 연대기,,88463,tv,no_existing_match,dry_run_new_content_to_create,would_update_completed,
64,65,푸른 상자,푸른 상자,,207347,tv,no_existing_match,dry_run_new_content_to_create,would_update_completed,
65,66,경성크리처,경성크리처,,135238,tv,no_existing_match,dry_run_new_content_to_create,would_update_completed,
66,67,모범택시,모범택시,,119769,tv,no_existing_match,dry_run_new_content_to_create,would_update_completed,
67,68,갯마을 차차차,갯마을 차차차,,128883,tv,no_existing_match,dry_run_new_content_to_create,would_update_completed,
68,69,굿보이,굿보이,,231280,tv,no_existing_match,dry_run_new_content_to_create,would_update_completed,
69,70,굿파트너,굿파트너,,243761,tv,no_existing_match,dry_run_new_content_to_create,would_update_completed,
70,71,귀궁,귀궁,,259486,tv,no_existing_match,dry_run_new_content_to_create,would_update_completed,
71,72,그 해 우리는,그 해 우리는,,135897,tv,no_existing_match,dry_run_new_content_to_create,would_update_completed,
72,73,기상청 사람들,기상청 사람들,,152511,tv,no_existing_match,dry_run_new_content_to_create,would_update_completed,
73,74,낮과 밤,낮과 밤,,113113,tv,no_existing_match,dry_run_new_content_to_create,would_update_completed,
74,75,낮과 밤이 다른 그녀,낮과 밤이 다른 그녀,,231749,tv,no_existing_match,dry_run_new_content_to_create,would_update_completed,
75,76,눈물의 여왕,눈물의 여왕,,215720,tv,no_existing_match,dry_run_new_content_to_create,would_update_completed,
76,77,닥터 차정숙,닥터 차정숙,,214997,tv,no_existing_match,dry_run_new_content_to_create,would_update_completed,
77,78,더 글로리,더 글로리,,136283,tv,no_existing_match,dry_run_new_content_to_create,would_update_completed,
78,79,더케이투,더케이투,,67391,tv,no_existing_match,dry_run_new_content_to_create,would_update_completed,
79,80,런 온,런 온,,113240,tv,no_existing_match,dry_run_new_content_to_create,would_update_completed,
80,81,루갈,루갈,,97766,tv,no_existing_match,dry_run_new_content_to_create,would_update_completed,
81,82,마성의 기쁨,마성의 기쁨,,82102,tv,no_existing_match,dry_run_new_content_to_create,would_update_completed,
82,83,마이 데몬,마이 데몬,,218539,tv,no_existing_match,dry_run_new_content_to_create,would_update_completed,
83,84,무법변호사,무법변호사,,78796,tv,no_existing_match,dry_run_new_content_to_create,would_update_completed,
84,85,별들에게 물어봐,별들에게 물어봐,,154822,tv,no_existing_match,dry_run_new_content_to_create,would_update_completed,
85,86,불가살,불가살,,137520,tv,no_existing_match,dry_run_new_content_to_create,would_update_completed,
86,87,사랑의 불시착,사랑의 불시착,,94796,tv,no_existing_match,dry_run_new_content_to_create,would_update_completed,
87,88,사랑의 이해,사랑의 이해,,211746,tv,no_existing_match,dry_run_new_content_to_create,would_update_completed,
88,89,성+인물,성+인물,,,,no_existing_match,manual_review,skipped_manual_review,"low or ambiguous TMDB confidence: best=70, second=70"
89,90,스물다섯 스물하나,스물다섯 스물하나,,129888,tv,no_existing_match,dry_run_new_content_to_create,would_update_completed,
90,91,스토브리그,스토브리그,de2fdd17-a884-461c-bbd6-f86358f32c13,,,existing_app_match,dry_run_existing_status_update,would_update_completed,
91,92,신이랑 법률사무소,신이랑 법률사무소,79fb52af-9728-4f3f-b637-389fed2e4c21,,,existing_app_match,dry_run_existing_status_update,would_update_completed,
92,93,언더커버 미쓰홍,언더커버 미쓰홍,c2687c12-ecc1-49a9-99f5-8f055e038b56,,,existing_app_match,dry_run_existing_status_update,would_update_completed,
93,94,얼어죽을 연애따위,얼어죽을 연애따위,,197073,tv,no_existing_match,dry_run_new_content_to_create,would_update_completed,
94,95,옥씨부인전,옥씨부인전,,226649,tv,no_existing_match,dry_run_new_content_to_create,would_update_completed,
95,96,웰컴투 삼달리,웰컴투 삼달리,,219651,tv,no_existing_match,dry_run_new_content_to_create,would_update_completed,
96,97,은애하는 도적님아,은애하는 도적님아,,301886,tv,no_existing_match,dry_run_new_content_to_create,would_update_completed,
97,98,이 연애는 불가항력,이 연애는 불가항력,,215001,tv,no_existing_match,dry_run_new_content_to_create,would_update_completed,
98,99,이번 생은 처음이라,이번 생은 처음이라,,74074,tv,no_existing_match,dry_run_new_content_to_create,would_update_completed,
99,100,이상한 변호사 우영우,이상한 변호사 우영우,,197067,tv,no_existing_match,dry_run_new_content_to_create,would_update_completed,
100,101,일타 스캔들,일타 스캔들,,202318,tv,no_existing_match,dry_run_new_content_to_create,would_update_completed,
101,102,조립식 가족,조립식 가족,,,,no_existing_match,manual_review,skipped_manual_review,"low or ambiguous TMDB confidence: best=105, second=104"
102,103,킹더랜드,킹더랜드,,198004,tv,no_existing_match,dry_run_new_content_to_create,would_update_completed,
103,104,태어난 김에 세계일주,태어난 김에 세계일주,,216150,tv,no_existing_match,dry_run_new_content_to_create,would_update_completed,
104,105,태풍상사,태풍상사,,280946,tv,no_existing_match,dry_run_new_content_to_create,would_update_completed,
105,106,폭싹 속았수다,폭싹 속았수다,6ba4620e-6290-4ea7-a503-abe9041205bc,,,existing_app_match,dry_run_existing_status_update,would_update_completed,
106,107,힘쎈여자 강남순,힘쎈여자 강남순,,203164,tv,no_existing_match,dry_run_new_content_to_create,would_update_completed,
107,108,힙하게,힙하게,,210107,tv,no_existing_match,dry_run_new_content_to_create,would_update_completed,
108,109,도깨비,도깨비,,67915,tv,no_existing_match,dry_run_new_content_to_create,would_update_completed,
109,110,로스쿨,로스쿨,,119773,tv,no_existing_match,dry_run_new_content_to_create,would_update_completed,
110,111,사냥개들,사냥개들,,127529,tv,no_existing_match,dry_run_new_content_to_create,would_update_completed,
111,112,포 라이프,포 라이프,,92053,tv,no_existing_match,dry_run_new_content_to_create,would_update_completed,
112,113,김비서가 왜 그럴까,김비서가 왜 그럴까,,79434,tv,no_existing_match,dry_run_new_content_to_create,would_update_completed,
113,114,나쁜엄마,나쁜엄마,,214999,tv,no_existing_match,dry_run_new_content_to_create,would_update_completed,
114,115,보라! 데보라,보라! 데보라,,210586,tv,no_existing_match,dry_run_new_content_to_create,would_update_completed,
115,116,아픈 건 싫으니까 방어력에 올인하려고 합니다,아픈 건 싫으니까 방어력에 올인하려고 합니다,,96402,tv,no_existing_match,dry_run_new_content_to_create,would_update_completed,
116,117,오늘도 사랑스럽개,오늘도 사랑스럽개,,209502,tv,no_existing_match,dry_run_new_content_to_create,would_update_completed,
117,118,오버로드,오버로드,,64196,tv,no_existing_match,dry_run_new_content_to_create,would_update_completed,
118,119,월간집,월간집,,120057,tv,no_existing_match,dry_run_new_content_to_create,would_update_completed,
119,120,일하는 세포,일하는 세포,,80671,tv,no_existing_match,dry_run_new_content_to_create,would_update_completed,
120,121,재벌집 막내아들,재벌집 막내아들,,153496,tv,no_existing_match,dry_run_new_content_to_create,would_update_completed,
121,122,키스는 괜히 해서!,키스는 괜히 해서!,dac462df-bdaa-476d-9481-d08fc4c359da,,,existing_app_match,dry_run_existing_status_update,would_update_completed,
122,123,다 이루어질지니,다 이루어질지니,,228689,tv,no_existing_match,dry_run_new_content_to_create,would_update_completed,
123,124,시지프스,시지프스,,113622,tv,no_existing_match,dry_run_new_content_to_create,would_update_completed,
124,125,신입사관 구해령,신입사관 구해령,,90721,tv,no_existing_match,dry_run_new_content_to_create,would_update_completed,
125,126,야마다 군과 Lv999의 사랑을 하다,야마다 군과 Lv999의 사랑을 하다,,208067,tv,no_existing_match,dry_run_new_content_to_create,would_update_completed,
126,127,이 구역의 미친 X,이 구역의 미친 X,,125350,tv,no_existing_match,dry_run_new_content_to_create,would_update_completed,
127,128,이세계 삼촌,이세계 삼촌,,127714,tv,no_existing_match,dry_run_new_content_to_create,would_update_completed,
128,129,이세계에서 치트 스킬을 얻은 나는 현실 세계에서도 무쌍한다 ~레벨업이 인생을 바꿨다~,이세계에서 치트 스킬을 얻은 나는 현실 세계에서도 무쌍한다 ~레벨업이 인생을 바꿨다~,,208493,tv,no_existing_match,dry_run_new_content_to_create,would_update_completed,
129,130,D.P.,D.P.,,110534,tv,no_existing_match,dry_run_new_content_to_create,would_update_completed,
130,131,가석방심사관 이한신,가석방심사관 이한신,,236437,tv,no_existing_match,dry_run_new_content_to_create,would_update_completed,
131,132,감자연구소,감자연구소,,254391,tv,no_existing_match,dry_run_new_content_to_create,would_update_completed,
132,133,구경이,구경이,,129475,tv,no_existing_match,dry_run_new_content_to_create,would_update_completed,
133,134,끝내주는 해결사,끝내주는 해결사,,222425,tv,no_existing_match,dry_run_new_content_to_create,would_update_completed,
134,135,나는 모든 것을 【패리】한다 ~역착각의 세계 최강은 모험가가 되고 싶다~,나는 모든 것을 【패리】한다 ~역착각의 세계 최강은 모험가가 되고 싶다~,,238892,tv,no_existing_match,dry_run_new_content_to_create,would_update_completed,
135,136,나의 완벽한 비서,나의 완벽한 비서,,233100,tv,no_existing_match,dry_run_new_content_to_create,would_update_completed,
136,137,남이 될 수 있을까,남이 될 수 있을까,,213655,tv,no_existing_match,dry_run_new_content_to_create,would_update_completed,
137,138,러브 미,러브 미,,275989,tv,no_existing_match,dry_run_new_content_to_create,would_update_completed,
138,139,마슐,마슐,,204832,tv,no_existing_match,dry_run_new_content_to_create,would_update_completed,
139,140,무인도의 디바,무인도의 디바,,216310,tv,no_existing_match,dry_run_new_content_to_create,would_update_completed,
140,141,비밀은 없어,비밀은 없어,,211705,tv,no_existing_match,dry_run_new_content_to_create,would_update_completed,
141,142,사내맞선,사내맞선,,154825,tv,no_existing_match,dry_run_new_content_to_create,would_update_completed,
142,143,사장님을 잠금해제,사장님을 잠금해제,,155459,tv,no_existing_match,dry_run_new_content_to_create,would_update_completed,
143,144,서울 자가에 대기업 다니는 김 부장 이야기,서울 자가에 대기업 다니는 김 부장 이야기,,275592,tv,no_existing_match,dry_run_new_content_to_create,would_update_completed,
144,145,성검학원의 마검사,성검학원의 마검사,,136840,tv,no_existing_match,dry_run_new_content_to_create,would_update_completed,
145,146,셀러브리티,셀러브리티,,131305,tv,no_existing_match,dry_run_new_content_to_create,would_update_completed,
146,147,"신성한, 이혼","신성한, 이혼",,204241,tv,no_existing_match,dry_run_new_content_to_create,would_update_completed,
147,148,신중용사 ~이 용사가 ZZANG센 주제에 너무 신중하다~,신중용사 ~이 용사가 ZZANG센 주제에 너무 신중하다~,,93256,tv,no_existing_match,dry_run_new_content_to_create,would_update_completed,
148,149,실격문장의 최강현자,실격문장의 최강현자,,117884,tv,no_existing_match,dry_run_new_content_to_create,would_update_completed,
149,150,쌍갑포차,쌍갑포차,,99491,tv,no_existing_match,dry_run_new_content_to_create,would_update_completed,
150,151,아기가 생겼어요,아기가 생겼어요,afc05ffd-b3e7-463e-86d7-1d35a21a4607,,,existing_app_match,dry_run_existing_status_update,would_update_completed,
151,152,아무것도 하고 싶지 않아,아무것도 하고 싶지 않아,,197078,tv,no_existing_match,dry_run_new_content_to_create,would_update_completed,
152,153,약사의 혼잣말,약사의 혼잣말,,220542,tv,no_existing_match,dry_run_new_content_to_create,would_update_completed,
153,154,언젠가는 슬기로울 전공의생활,언젠가는 슬기로울 전공의생활,,235355,tv,no_existing_match,dry_run_new_content_to_create,would_update_completed,
154,155,엄마친구아들,엄마친구아들,4a1515a9-1106-4062-9bce-24c078cdfcc3,,,existing_app_match,dry_run_existing_status_update,would_update_completed,
155,156,연예인 매니저로 살아남기,연예인 매니저로 살아남기,,,,no_existing_match,manual_review,skipped_manual_review,"low or ambiguous TMDB confidence: best=105, second=104"
156,157,오늘부터 인간입니다만,오늘부터 인간입니다만,1a03e470-7dac-48cd-a52f-56ce775676a3,,,existing_app_match,dry_run_existing_status_update,would_update_completed,
157,158,이 사랑 통역 되나요?,이 사랑 통역 되나요?,,229891,tv,no_existing_match,dry_run_new_content_to_create,would_update_completed,
158,159,이번 생도 잘 부탁해,이번 생도 잘 부탁해,,154824,tv,no_existing_match,dry_run_new_content_to_create,would_update_completed,
159,160,이세계 약국,이세계 약국,,129195,tv,no_existing_match,dry_run_new_content_to_create,would_update_completed,
160,161,이세계 유유자적 농가,이세계 유유자적 농가,,196285,tv,no_existing_match,dry_run_new_content_to_create,would_update_completed,
161,162,이케부쿠로 웨스트 게이트 파크,이케부쿠로 웨스트 게이트 파크,cfcaeb04-eddb-4222-9ece-0677f250feaa,,,existing_app_match,dry_run_existing_status_update,would_update_completed,
162,163,작은 아씨들,작은 아씨들,,,,no_existing_match,manual_review,skipped_manual_review,"low or ambiguous TMDB confidence: best=104, second=104"
163,164,"전생 귀족, 감정 스킬로 성공하다","전생 귀족, 감정 스킬로 성공하다",,237150,tv,no_existing_match,dry_run_new_content_to_create,would_update_completed,
164,165,전생했더니 검이었습니다,전생했더니 검이었습니다,,134667,tv,no_existing_match,dry_run_new_content_to_create,would_update_completed,
165,166,즉사 치트가 너무 최강이라 이세계 녀석들이 전혀 상대가 되지 않습니다만,즉사 치트가 너무 최강이라 이세계 녀석들이 전혀 상대가 되지 않습니다만,,236144,tv,no_existing_match,dry_run_new_content_to_create,would_update_completed,
166,167,체인소 맨,체인소 맨,,114410,tv,no_existing_match,dry_run_new_content_to_create,would_update_completed,
167,168,터무니없는 스킬로 이세계 방랑 밥,터무니없는 스킬로 이세계 방랑 밥,,213402,tv,no_existing_match,dry_run_new_content_to_create,would_update_completed,
168,169,트라이,트라이,,,,no_existing_match,manual_review,skipped_manual_review,"low or ambiguous TMDB confidence: best=71, second=71"
169,170,폭군의 셰프,폭군의 셰프,,280945,tv,no_existing_match,dry_run_new_content_to_create,would_update_completed,
170,171,프로보노,프로보노,,284744,tv,no_existing_match,dry_run_new_content_to_create,would_update_completed,
171,172,환생했는데 제7왕자라 내 맘대로 마술을 연마합니다,환생했는데 제7왕자라 내 맘대로 마술을 연마합니다,,213830,tv,no_existing_match,dry_run_new_content_to_create,would_update_completed,
172,173,MIU404,MIU404,,106524,tv,no_existing_match,dry_run_new_content_to_create,would_update_completed,
173,174,가족X멜로,가족X멜로,,258707,tv,no_existing_match,dry_run_new_content_to_create,would_update_completed,
174,175,그랑 메종 도쿄,그랑 메종 도쿄,,95718,tv,no_existing_match,dry_run_new_content_to_create,would_update_completed,
175,176,도망을 잘 치는 도련님,도망을 잘 치는 도련님,,222623,tv,no_existing_match,dry_run_new_content_to_create,would_update_completed,
176,177,슬기로운 의사생활,슬기로운 의사생활,,96102,tv,no_existing_match,dry_run_new_content_to_create,would_update_completed,
177,178,약한영웅,약한영웅,d67482e4-561e-46cf-88b4-7952b6ee7d5d,,,existing_app_match,dry_run_existing_status_update,would_update_completed,
178,179,이세계는 스마트폰과 함께,이세계는 스마트폰과 함께,,72505,tv,no_existing_match,dry_run_new_content_to_create,would_update_completed,
179,180,최애의 아이,최애의 아이,,,,no_existing_match,manual_review,skipped_manual_review,"low or ambiguous TMDB confidence: best=104, second=96"
180,181,퀸메이커,퀸메이커,,139280,tv,no_existing_match,dry_run_new_content_to_create,would_update_completed,
181,182,굿 럭!!,굿 럭!!,,2146,tv,no_existing_match,dry_run_new_content_to_create,would_update_completed,
182,183,극주부도,극주부도,,,,no_existing_match,manual_review,skipped_manual_review,"low or ambiguous TMDB confidence: best=105, second=104"
183,184,글리치,글리치,,136699,tv,no_existing_match,dry_run_new_content_to_create,would_update_completed,
184,185,노무사 노무진,노무사 노무진,,233221,tv,no_existing_match,dry_run_new_content_to_create,would_update_completed,
185,186,놀아주는 여자,놀아주는 여자,,215000,tv,no_existing_match,dry_run_new_content_to_create,would_update_completed,
186,187,닥터슬럼프,닥터슬럼프,,222233,tv,no_existing_match,dry_run_new_content_to_create,would_update_completed,
187,188,닭강정,닭강정,,206686,tv,no_existing_match,dry_run_new_content_to_create,would_update_completed,
188,189,당신의 맛,당신의 맛,,281006,tv,no_existing_match,dry_run_new_content_to_create,would_update_completed,
189,190,멜로무비,멜로무비,,243964,tv,no_existing_match,dry_run_new_content_to_create,would_update_completed,
190,191,부적절한 것도 정도가 있어!,부적절한 것도 정도가 있어!,,241795,tv,no_existing_match,dry_run_new_content_to_create,would_update_completed,
191,192,소년심판,소년심판,,112833,tv,no_existing_match,dry_run_new_content_to_create,would_update_completed,
192,193,아이 러브 유,아이 러브 유,,240581,tv,no_existing_match,dry_run_new_content_to_create,would_update_completed,
193,194,언더커버,언더커버,,,,no_existing_match,manual_review,skipped_manual_review,"low or ambiguous TMDB confidence: best=105, second=104"
194,195,연애대전,연애대전,,137094,tv,no_existing_match,dry_run_new_content_to_create,would_update_completed,
195,196,오늘부터 우리는!!,오늘부터 우리는!!,,,,no_existing_match,manual_review,skipped_manual_review,"low or ambiguous TMDB confidence: best=104, second=104"
196,197,월간남친,월간남친,,281016,tv,no_existing_match,dry_run_new_content_to_create,would_update_completed,
197,198,인간수업,인간수업,,90814,tv,no_existing_match,dry_run_new_content_to_create,would_update_completed,
198,199,종이달,종이달,,,,no_existing_match,manual_review,skipped_manual_review,"low or ambiguous TMDB confidence: best=104, second=104"
199,200,지금 거신 전화는,지금 거신 전화는,,253905,tv,no_existing_match,dry_run_new_content_to_create,would_update_completed,
200,201,지옥락,지옥락,,117465,tv,no_existing_match,dry_run_new_content_to_create,would_update_completed,
201,202,킹덤,킹덤,,,,no_existing_match,manual_review,skipped_manual_review,"low or ambiguous TMDB confidence: best=105, second=105"
202,203,트리거,트리거,,,,no_existing_match,manual_review,skipped_manual_review,"low or ambiguous TMDB confidence: best=104, second=104"
203,204,귀멸의 칼날,귀멸의 칼날,02b2b835-938e-4d8c-ac8e-a70f2eda65eb,,,existing_app_match,dry_run_existing_status_update,would_update_completed,
204,205,대환장 기안장,대환장 기안장,,256355,tv,no_existing_match,dry_run_new_content_to_create,would_update_completed,
205,206,도적,도적,,,,no_existing_match,manual_review,skipped_manual_review,"low or ambiguous TMDB confidence: best=70, second=70"
206,207,마인,마인,,124426,tv,no_existing_match,dry_run_new_content_to_create,would_update_completed,
207,208,먹보와 털보,먹보와 털보,,134958,tv,no_existing_match,dry_run_new_content_to_create,would_update_completed,
208,209,우리들의 발라드,우리들의 발라드,,301379,tv,no_existing_match,dry_run_new_content_to_create,would_update_completed,
209,210,이두나!,이두나!,,,,no_existing_match,manual_review,skipped_manual_review,"low or ambiguous TMDB confidence: best=104, second=104"
210,211,이혼 좀 합시다,이혼 좀 합시다,,216223,tv,no_existing_match,dry_run_new_content_to_create,would_update_completed,
211,212,일본 침몰 -희망의 사람-,일본 침몰 -희망의 사람-,,135144,tv,no_existing_match,dry_run_new_content_to_create,would_update_completed,
212,213,조금만 초능력자,조금만 초능력자,,298706,tv,no_existing_match,dry_run_new_content_to_create,would_update_completed,
213,214,탄금,탄금,,224819,tv,no_existing_match,dry_run_new_content_to_create,would_update_completed,
214,215,19번째 카르테,19번째 카르테,5710ae7d-b006-4afe-839c-4a7e85174fc6,,,existing_app_match,dry_run_existing_status_update,would_update_completed,
215,216,The 8 Show,The 8 Show,,156484,tv,no_existing_match,dry_run_new_content_to_create,would_update_completed,
216,217,VIVANT,VIVANT,,218038,tv,no_existing_match,dry_run_new_content_to_create,would_update_completed,
217,218,가치아쿠타,가치아쿠타,,256721,tv,no_existing_match,dry_run_new_content_to_create,would_update_completed,
218,219,닌자의 집,닌자의 집,,210098,tv,no_existing_match,dry_run_new_content_to_create,would_update_completed,
219,220,더 패뷸러스,더 패뷸러스,,135155,tv,no_existing_match,dry_run_new_content_to_create,would_update_completed,
220,221,레이디 두아,레이디 두아,,273977,tv,no_existing_match,dry_run_new_content_to_create,would_update_completed,
221,222,로맨틱 어나니머스,로맨틱 어나니머스,86aedcfb-cb04-489c-b989-66f34634d06c,,,existing_app_match,dry_run_existing_status_update,would_update_completed,
222,223,리키시,리키시,,210269,tv,no_existing_match,dry_run_new_content_to_create,would_update_completed,
223,224,마이 네임,마이 네임,,110356,tv,no_existing_match,dry_run_new_content_to_create,would_update_completed,
224,225,블랙 페앙,블랙 페앙,,79289,tv,no_existing_match,dry_run_new_content_to_create,would_update_completed,
225,226,사마귀,사마귀,,73613,tv,no_existing_match,dry_run_new_content_to_create,would_update_completed,
226,227,살인자ㅇ난감,살인자ㅇ난감,,202783,tv,no_existing_match,dry_run_new_content_to_create,would_update_completed,
227,228,신인가수 조정석,신인가수 조정석,,248123,tv,no_existing_match,dry_run_new_content_to_create,would_update_completed,
228,229,연애를 허하라,연애를 허하라,,237101,tv,no_existing_match,dry_run_new_content_to_create,would_update_completed,
229,230,외모지상주의,외모지상주의,,,,no_existing_match,manual_review,skipped_manual_review,"low or ambiguous TMDB confidence: best=104, second=104"
230,231,위치 워치,위치 워치,,261868,tv,no_existing_match,dry_run_new_content_to_create,would_update_completed,
231,232,이세계 식당,이세계 식당,,72425,tv,no_existing_match,dry_run_new_content_to_create,would_update_completed,
232,233,좀100 ~좀비가 되기 전에 하고 싶은 100가지~,좀100 ~좀비가 되기 전에 하고 싶은 100가지~,,217766,tv,no_existing_match,dry_run_new_content_to_create,would_update_completed,
233,234,중증외상센터,중증외상센터,,217553,tv,no_existing_match,dry_run_new_content_to_create,would_update_completed,
234,235,"최강의 왕, 두 번째 인생에는 무엇을 하는가?","최강의 왕, 두 번째 인생에는 무엇을 하는가?",,274671,tv,no_existing_match,dry_run_new_content_to_create,would_update_completed,
235,236,캐셔로,캐셔로,,238458,tv,no_existing_match,dry_run_new_content_to_create,would_update_completed,
236,237,광장,광장,,232766,tv,no_existing_match,dry_run_new_content_to_create,would_update_completed,
237,238,국민사형투표,국민사형투표,,217088,tv,no_existing_match,dry_run_new_content_to_create,would_update_completed,
238,239,더 인플루언서,더 인플루언서,,243149,tv,no_existing_match,dry_run_new_content_to_create,would_update_completed,
239,240,데스티니,데스티니,,248345,tv,no_existing_match,dry_run_new_content_to_create,would_update_completed,
240,241,도쿄 사기꾼들,도쿄 사기꾼들,,249906,tv,no_existing_match,dry_run_new_content_to_create,would_update_completed,
241,242,마스크걸,마스크걸,,156888,tv,no_existing_match,dry_run_new_content_to_create,would_update_completed,
242,243,"세작, 매혹된 자들","세작, 매혹된 자들",,233205,tv,no_existing_match,dry_run_new_content_to_create,would_update_completed,
243,244,아니 근데 진짜!,아니 근데 진짜!,,313075,tv,no_existing_match,dry_run_new_content_to_create,would_update_completed,
244,245,기생수,기생수,,61459,tv,no_existing_match,dry_run_new_content_to_create,would_update_completed,
245,246,내겐 너무 까칠한 매니저 - 비서진,내겐 너무 까칠한 매니저 - 비서진,,302173,tv,no_existing_match,dry_run_new_content_to_create,would_update_completed,
246,247,도원암귀,도원암귀,,253811,tv,no_existing_match,dry_run_new_content_to_create,would_update_completed,
247,248,돌풍,돌풍,,223329,tv,no_existing_match,dry_run_new_content_to_create,would_update_completed,
248,249,수리남,수리남,,97970,tv,no_existing_match,dry_run_new_content_to_create,would_update_completed,
249,250,악연,악연,,233686,tv,no_existing_match,dry_run_new_content_to_create,would_update_completed,
250,251,우리들의 블루스,우리들의 블루스,,135840,tv,no_existing_match,dry_run_new_content_to_create,would_update_completed,
251,252,이서진의 달라달라,이서진의 달라달라,,316324,tv,no_existing_match,dry_run_new_content_to_create,would_update_completed,
252,253,케냐 간 세끼,케냐 간 세끼,,304068,tv,no_existing_match,dry_run_new_content_to_create,would_update_completed,
253,254,코미디 로얄,코미디 로얄,,238046,tv,no_existing_match,dry_run_new_content_to_create,would_update_completed,
254,255,택배기사,택배기사,,137040,tv,no_existing_match,dry_run_new_content_to_create,would_update_completed,
255,256,히어로는 아닙니다만,히어로는 아닙니다만,,232616,tv,no_existing_match,dry_run_new_content_to_create,would_update_completed,
256,257,괴물,괴물,,,,no_existing_match,manual_review,skipped_manual_review,"low or ambiguous TMDB confidence: best=104, second=104"
257,258,기안이쎄오,기안이쎄오,,279864,tv,no_existing_match,dry_run_new_content_to_create,would_update_completed,
258,259,심야식당,심야식당,,,,no_existing_match,manual_review,skipped_manual_review,"low or ambiguous TMDB confidence: best=104, second=104"
259,260,유리 심장,유리 심장,,247670,tv,no_existing_match,dry_run_new_content_to_create,would_update_completed,
260,261,첫입에 반하다,첫입에 반하다,,301885,tv,no_existing_match,dry_run_new_content_to_create,would_update_completed,
261,262,현무카세,현무카세,,258977,tv,no_existing_match,dry_run_new_content_to_create,would_update_completed,
262,263,혼례대첩,혼례대첩,,230024,tv,no_existing_match,dry_run_new_content_to_create,would_update_completed,
263,264,흑집사,흑집사,,50712,tv,no_existing_match,dry_run_new_content_to_create,would_update_completed,
264,265,Lv2부터 치트였던 전직 용사 후보의 유유자적 이세계 라이프,Lv2부터 치트였던 전직 용사 후보의 유유자적 이세계 라이프,,237233,tv,no_existing_match,dry_run_new_content_to_create,would_update_completed,
265,266,"고독한 미식가 ~고로, 개그맨 총출동~","고독한 미식가 ~고로, 개그맨 총출동~",,,,no_existing_match,manual_review,skipped_manual_review,no TMDB movie/tv candidates
266,267,금쪽같은 내새끼,금쪽같은 내새끼,,111798,tv,no_existing_match,dry_run_new_content_to_create,would_update_completed,
267,268,베컴,베컴,,235345,tv,no_existing_match,dry_run_new_content_to_create,would_update_completed,
268,269,사이키 쿠스오의 재난,사이키 쿠스오의 재난,,67676,tv,no_existing_match,dry_run_new_content_to_create,would_update_completed,
269,270,슈룹,슈룹,,156406,tv,no_existing_match,dry_run_new_content_to_create,would_update_completed,
270,271,스위트홈,스위트홈,,96648,tv,no_existing_match,dry_run_new_content_to_create,would_update_completed,
271,272,인사이더,인사이더,,135655,tv,no_existing_match,dry_run_new_content_to_create,would_update_completed,
272,273,종이의 집,종이의 집,,71446,tv,no_existing_match,dry_run_new_content_to_create,would_update_completed,
273,274,트렁크,트렁크,,230777,tv,no_existing_match,dry_run_new_content_to_create,would_update_completed,
274,275,하나사키 마이가 잠자코 있지 않아,하나사키 마이가 잠자코 있지 않아,,70938,tv,no_existing_match,dry_run_new_content_to_create,would_update_completed,
275,276,마왕성에서 잘 자요,마왕성에서 잘 자요,,97923,tv,no_existing_match,dry_run_new_content_to_create,would_update_completed,
276,277,아스코마치,아스코마치,,45827,tv,no_existing_match,dry_run_new_content_to_create,would_update_completed,
277,278,아이돌아이,아이돌아이,,285278,tv,no_existing_match,dry_run_new_content_to_create,would_update_completed,
278,279,체크인 한양,체크인 한양,,251444,tv,no_existing_match,dry_run_new_content_to_create,would_update_completed,
279,280,코리아 넘버원,코리아 넘버원,,213471,tv,no_existing_match,dry_run_new_content_to_create,would_update_completed,
280,281,"파티에서 추방당한 그 치유사, 실은 최강인 것에 대하여","파티에서 추방당한 그 치유사, 실은 최강인 것에 대하여",b178f0c7-58c0-4b30-b92b-d5a105b91929,,,existing_app_match,dry_run_existing_status_update,would_update_completed,
281,282,황천의 츠가이,황천의 츠가이,eedd6958-6c3f-47c4-8e17-879643177c70,,,existing_app_match,dry_run_existing_status_update,would_update_completed,
282,283,99.9,99.9,ac3b05f9-c2e3-4183-a317-4929ef75f614,66584,tv,tmdb_existing_match,dry_run_tmdb_existing_status_update,would_update_completed,
283,284,곽준빈의 세계 기사식당,곽준빈의 세계 기사식당,,230392,tv,no_existing_match,dry_run_new_content_to_create,would_update_completed,
284,285,나는 친구가 적다,나는 친구가 적다,,60730,tv,no_existing_match,dry_run_new_content_to_create,would_update_completed,
285,286,너는 나의 봄,너는 나의 봄,,126698,tv,no_existing_match,dry_run_new_content_to_create,would_update_completed,
286,287,다리미 패밀리,다리미 패밀리,,250385,tv,no_existing_match,dry_run_new_content_to_create,would_update_completed,
287,288,마당이 있는 집,마당이 있는 집,,211748,tv,no_existing_match,dry_run_new_content_to_create,would_update_completed,
288,289,마이코네 행복한 밥상,마이코네 행복한 밥상,,,,no_existing_match,manual_review,skipped_manual_review,"low or ambiguous TMDB confidence: best=104, second=104"
289,290,"부인은, 취급주의","부인은, 취급주의",,73826,tv,no_existing_match,dry_run_new_content_to_create,would_update_completed,
290,291,빨간 풍선,빨간 풍선,,208832,tv,no_existing_match,dry_run_new_content_to_create,would_update_completed,
291,292,슬기로운 감빵생활,슬기로운 감빵생활,,74821,tv,no_existing_match,dry_run_new_content_to_create,would_update_completed,
292,293,아리스 인 보더랜드,아리스 인 보더랜드,,110316,tv,no_existing_match,dry_run_new_content_to_create,would_update_completed,
293,294,"알고있지만,","알고있지만,",,126035,tv,no_existing_match,dry_run_new_content_to_create,would_update_completed,
294,295,오늘도 지송합니다,오늘도 지송합니다,,274878,tv,no_existing_match,dry_run_new_content_to_create,would_update_completed,
295,296,왕이 된 남자,왕이 된 남자,,85405,tv,no_existing_match,dry_run_new_content_to_create,would_update_completed,
296,297,전생귀족의 이세계 모험록 ~자중할 줄 모르는 신들의 사도~,전생귀족의 이세계 모험록 ~자중할 줄 모르는 신들의 사도~,,207493,tv,no_existing_match,dry_run_new_content_to_create,would_update_completed,
297,298,정숙한 세일즈,정숙한 세일즈,,255086,tv,no_existing_match,dry_run_new_content_to_create,would_update_completed,
298,299,짜장면 랩소디,짜장면 랩소디,,245047,tv,no_existing_match,dry_run_new_content_to_create,would_update_completed,
299,300,청담국제고등학교,청담국제고등학교,,214994,tv,no_existing_match,dry_run_new_content_to_create,would_update_completed,
300,301,초콜릿,초콜릿,,95066,tv,no_existing_match,dry_run_new_content_to_create,would_update_completed,
301,302,카우보이 비밥,카우보이 비밥,,,,no_existing_match,manual_review,skipped_manual_review,"low or ambiguous TMDB confidence: best=105, second=105"
302,303,페르소나,페르소나,,87811,tv,no_existing_match,dry_run_new_content_to_create,would_update_completed,
303,304,호텔 델루나,호텔 델루나,,90447,tv,no_existing_match,dry_run_new_content_to_create,would_update_completed,
304,305,20세기 소녀,20세기 소녀,,851644,movie,no_existing_match,dry_run_new_content_to_create,would_update_completed,
305,306,84㎡ (84제곱미터),84㎡ (84제곱미터),,,,no_existing_match,manual_review,skipped_manual_review,"low or ambiguous TMDB confidence: best=48, second=0"
306,307,BTS 컴백 라이브,BTS 컴백 라이브,,,,no_existing_match,manual_review,skipped_manual_review,"low or ambiguous TMDB confidence: best=48, second=0"
307,308,Re,Re,,,,no_existing_match,manual_review,skipped_manual_review,"low or ambiguous TMDB confidence: best=73, second=71"
308,309,SBS 연예대상,SBS 연예대상,,76084,tv,no_existing_match,dry_run_new_content_to_create,would_update_completed,
309,310,Word Trails,Word Trails,,,,no_existing_match,manual_review,skipped_manual_review,no TMDB movie/tv candidates
310,311,가끔씩 툭하고 러시아어로 부끄러워하는 옆자리의 아랴 양,가끔씩 툭하고 러시아어로 부끄러워하는 옆자리의 아랴 양,,235758,tv,no_existing_match,dry_run_new_content_to_create,would_update_completed,
311,312,결혼백서,결혼백서,,196907,tv,no_existing_match,dry_run_new_content_to_create,would_update_completed,
312,313,결혼작사 이혼작곡,결혼작사 이혼작곡,,116041,tv,no_existing_match,dry_run_new_content_to_create,would_update_completed,
313,314,"광해, 왕이 된 남자","광해, 왕이 된 남자",,133200,movie,no_existing_match,dry_run_new_content_to_create,would_update_completed,
314,315,괴물 나무꾼,괴물 나무꾼,,1137142,movie,no_existing_match,dry_run_new_content_to_create,would_update_completed,
315,316,교장,교장,,97425,tv,no_existing_match,dry_run_new_content_to_create,would_update_completed,
316,317,굿 나이트 월드,굿 나이트 월드,,231677,tv,no_existing_match,dry_run_new_content_to_create,would_update_completed,
317,318,굿잡,굿잡,,197072,tv,no_existing_match,dry_run_new_content_to_create,would_update_completed,
318,319,귀환자의 마법은 특별해야 합니다,귀환자의 마법은 특별해야 합니다,,230050,tv,no_existing_match,dry_run_new_content_to_create,would_update_completed,
319,320,그녀 다시 보기,그녀 다시 보기,,,,no_existing_match,manual_review,skipped_manual_review,no TMDB movie/tv candidates
320,321,극장판 귀멸의 칼날,극장판 귀멸의 칼날,,,,no_existing_match,manual_review,skipped_manual_review,"low or ambiguous TMDB confidence: best=54, second=49"
321,322,극장판 일곱 개의 대죄,극장판 일곱 개의 대죄,,,,no_existing_match,manual_review,skipped_manual_review,"low or ambiguous TMDB confidence: best=48, second=0"
322,323,극한직업,극한직업,,567646,movie,no_existing_match,dry_run_new_content_to_create,would_update_completed,
323,324,글러브,글러브,,64396,movie,no_existing_match,dry_run_new_content_to_create,would_update_completed,
324,325,기리고,기리고,,285838,tv,no_existing_match,dry_run_new_content_to_create,would_update_completed,
325,326,기생수 파트1,기생수 파트1,,282069,movie,no_existing_match,dry_run_new_content_to_create,would_update_completed,
326,327,"길드의 접수원인데, 야근이 싫어서 보스를 혼자 토벌하려고 합니다","길드의 접수원인데, 야근이 싫어서 보스를 혼자 토벌하려고 합니다",,249964,tv,no_existing_match,dry_run_new_content_to_create,would_update_completed,
327,328,꾼,꾼,,478187,movie,no_existing_match,dry_run_new_content_to_create,would_update_completed,
328,329,나는 신이다,나는 신이다,,,,no_existing_match,manual_review,skipped_manual_review,"low or ambiguous TMDB confidence: best=48, second=0"
329,330,나의 해방일지,나의 해방일지,,,,no_existing_match,manual_review,skipped_manual_review,"low or ambiguous TMDB confidence: best=104, second=104"
330,331,나의 행복한 결혼,나의 행복한 결혼,,196944,tv,no_existing_match,dry_run_new_content_to_create,would_update_completed,
331,332,낙원의 밤,낙원의 밤,,606523,movie,no_existing_match,dry_run_new_content_to_create,would_update_completed,
332,333,낙제 기사의 영웅담,낙제 기사의 영웅담,,67154,tv,no_existing_match,dry_run_new_content_to_create,would_update_completed,
333,334,남자 가정부를 원해?,남자 가정부를 원해?,,105748,tv,no_existing_match,dry_run_new_content_to_create,would_update_completed,
334,335,내일,내일,,136369,tv,no_existing_match,dry_run_new_content_to_create,would_update_completed,
335,336,너의 꽃이 될래,너의 꽃이 될래,,209459,tv,no_existing_match,dry_run_new_content_to_create,would_update_completed,
336,337,댄덜라이언,댄덜라이언,,316973,tv,no_existing_match,dry_run_new_content_to_create,would_update_completed,
337,338,더 코리안 셰프,더 코리안 셰프,,313846,tv,no_existing_match,dry_run_new_content_to_create,would_update_completed,
338,339,데몬 시티,데몬 시티,,,,no_existing_match,manual_review,skipped_manual_review,"low or ambiguous TMDB confidence: best=48, second=0"
339,340,도쿄 타라레바 아가씨,도쿄 타라레바 아가씨,,69993,tv,no_existing_match,dry_run_new_content_to_create,would_update_completed,
340,341,드림,드림,,,,no_existing_match,manual_review,skipped_manual_review,"low or ambiguous TMDB confidence: best=82, second=82"
341,342,라켓소년단,라켓소년단,,125437,tv,no_existing_match,dry_run_new_content_to_create,would_update_completed,
342,343,란마1/2,란마1/2,,,,no_existing_match,manual_review,skipped_manual_review,"low or ambiguous TMDB confidence: best=105, second=96"
343,344,럭키,럭키,,,,no_existing_match,manual_review,skipped_manual_review,"low or ambiguous TMDB confidence: best=82, second=82"
344,345,레블 리지,레블 리지,,646097,movie,no_existing_match,dry_run_new_content_to_create,would_update_completed,
345,346,레슬러,레슬러,,,,no_existing_match,manual_review,skipped_manual_review,"low or ambiguous TMDB confidence: best=82, second=82"
346,347,로기완,로기완,,1039882,movie,no_existing_match,dry_run_new_content_to_create,would_update_completed,
347,348,링컨 차를 타는 변호사,링컨 차를 타는 변호사,,116799,tv,no_existing_match,dry_run_new_content_to_create,would_update_completed,
348,349,맛있는 녀석들,맛있는 녀석들,,63942,tv,no_existing_match,dry_run_new_content_to_create,would_update_completed,
349,350,머니백,머니백,,516297,movie,no_existing_match,dry_run_new_content_to_create,would_update_completed,
350,351,모두가 자신의 무가치함과 싸우고 있다,모두가 자신의 무가치함과 싸우고 있다,69f6f367-12f2-446b-97ea-068d1d2d0e2a,,,existing_app_match,dry_run_existing_status_update,would_update_completed,
351,352,모범가족,모범가족,,132171,tv,no_existing_match,dry_run_new_content_to_create,would_update_completed,
352,353,모브 사이코 100,모브 사이코 100,,,,no_existing_match,manual_review,skipped_manual_review,"low or ambiguous TMDB confidence: best=104, second=96"
353,354,무도실무관,무도실무관,,1139817,movie,no_existing_match,dry_run_new_content_to_create,would_update_completed,
354,355,문라이즈,문라이즈,,,,no_existing_match,manual_review,skipped_manual_review,"low or ambiguous TMDB confidence: best=82, second=82"
355,356,미녀와 순정남,미녀와 순정남,,242503,tv,no_existing_match,dry_run_new_content_to_create,would_update_completed,
356,357,미싱,미싱,,1217328,movie,no_existing_match,dry_run_new_content_to_create,would_update_completed,
357,358,"미타라이 가, 불타다","미타라이 가, 불타다",,210268,tv,no_existing_match,dry_run_new_content_to_create,would_update_completed,
358,359,바이올렛 에버가든,바이올렛 에버가든,,75214,tv,no_existing_match,dry_run_new_content_to_create,would_update_completed,
359,360,방랑의 미식가,방랑의 미식가,,70781,tv,no_existing_match,dry_run_new_content_to_create,would_update_completed,
360,361,백만 번 말할 걸 그랬어,백만 번 말할 걸 그랬어,,216227,tv,no_existing_match,dry_run_new_content_to_create,would_update_completed,
361,362,백일의 낭군님,백일의 낭군님,,81821,tv,no_existing_match,dry_run_new_content_to_create,would_update_completed,
362,363,범블비,범블비,,424783,movie,no_existing_match,dry_run_new_content_to_create,would_update_completed,
363,364,범인은 바로 너!,범인은 바로 너!,,78798,tv,no_existing_match,dry_run_new_content_to_create,would_update_completed,
364,365,범죄의 재구성,범죄의 재구성,,,,no_existing_match,manual_review,skipped_manual_review,"low or ambiguous TMDB confidence: best=84, second=82"
365,366,변혁의 사랑,변혁의 사랑,,74075,tv,no_existing_match,dry_run_new_content_to_create,would_update_completed,
366,367,봄밤,봄밤,,,,no_existing_match,manual_review,skipped_manual_review,"low or ambiguous TMDB confidence: best=82, second=82"
367,368,불량 연애,불량 연애,,305379,tv,no_existing_match,dry_run_new_content_to_create,would_update_completed,
368,369,불멸의 그대에게,불멸의 그대에게,,97525,tv,no_existing_match,dry_run_new_content_to_create,would_update_completed,
369,370,브로커,브로커,,,,no_existing_match,manual_review,skipped_manual_review,"low or ambiguous TMDB confidence: best=82, second=82"
370,371,블랙독,블랙독,,95067,tv,no_existing_match,dry_run_new_content_to_create,would_update_completed,
371,372,블랙의 신부,블랙의 신부,,133775,tv,no_existing_match,dry_run_new_content_to_create,would_update_completed,
372,373,블리피,블리피,,125760,tv,no_existing_match,dry_run_new_content_to_create,would_update_completed,
373,374,"사상 최강의 대마왕, 마을 사람 A로 전생하다","사상 최강의 대마왕, 마을 사람 A로 전생하다",,120155,tv,no_existing_match,dry_run_new_content_to_create,would_update_completed,
374,375,삼체,삼체,,108545,tv,no_existing_match,dry_run_new_content_to_create,would_update_completed,
375,376,새콤달콤,새콤달콤,,,,no_existing_match,manual_review,skipped_manual_review,"low or ambiguous TMDB confidence: best=82, second=82"
376,377,서울의 봄,서울의 봄,,919207,movie,no_existing_match,dry_run_new_content_to_create,would_update_completed,
377,378,선산,선산,,212553,tv,no_existing_match,dry_run_new_content_to_create,would_update_completed,
378,379,세일즈맨 칸타로의 달콤한 비밀,세일즈맨 칸타로의 달콤한 비밀,,78795,tv,no_existing_match,dry_run_new_content_to_create,would_update_completed,
379,380,수 퍼킨스,수 퍼킨스,,210818,tv,no_existing_match,dry_run_new_content_to_create,would_update_completed,
380,381,스물,스물,,331251,movie,no_existing_match,dry_run_new_content_to_create,would_update_completed,
381,382,스타트업,스타트업,,,,no_existing_match,manual_review,skipped_manual_review,"low or ambiguous TMDB confidence: best=82, second=73"
382,383,스프리건,스프리건,,,,no_existing_match,manual_review,skipped_manual_review,"low or ambiguous TMDB confidence: best=82, second=82"
383,384,승부,승부,,760497,movie,no_existing_match,dry_run_new_content_to_create,would_update_completed,
384,385,시동,시동,,581530,movie,no_existing_match,dry_run_new_content_to_create,would_update_completed,
385,386,썸바디,썸바디,,,,no_existing_match,manual_review,skipped_manual_review,"low or ambiguous TMDB confidence: best=104, second=104"
386,387,씨 비스트,씨 비스트,,560057,movie,no_existing_match,dry_run_new_content_to_create,would_update_completed,
387,388,아마존 활명수,아마존 활명수,,1148558,movie,no_existing_match,dry_run_new_content_to_create,would_update_completed,
388,389,아무도 없는 숲속에서,아무도 없는 숲속에서,,219652,tv,no_existing_match,dry_run_new_content_to_create,would_update_completed,
389,390,악마판사,악마판사,,119772,tv,no_existing_match,dry_run_new_content_to_create,would_update_completed,
390,391,안나라수마나라,안나라수마나라,,123349,tv,no_existing_match,dry_run_new_content_to_create,would_update_completed,
391,392,알바뛰는 마왕님,알바뛰는 마왕님,,,,no_existing_match,manual_review,skipped_manual_review,no TMDB movie/tv candidates
392,393,압꾸정,압꾸정,,717090,movie,no_existing_match,dry_run_new_content_to_create,would_update_completed,
393,394,약속의 네버랜드,약속의 네버랜드,,,,no_existing_match,manual_review,skipped_manual_review,"low or ambiguous TMDB confidence: best=83, second=82"
394,395,어메이징 스파이더맨,어메이징 스파이더맨,,,,no_existing_match,manual_review,skipped_manual_review,"low or ambiguous TMDB confidence: best=83, second=82"
395,396,어메이징 스파이더맨 2,어메이징 스파이더맨 2,,102382,movie,no_existing_match,dry_run_new_content_to_create,would_update_completed,
396,397,어사와 조이,어사와 조이,,130020,tv,no_existing_match,dry_run_new_content_to_create,would_update_completed,
397,398,에덴즈 제로,에덴즈 제로,,104711,tv,no_existing_match,dry_run_new_content_to_create,would_update_completed,
398,399,여름으로 가는 문,여름으로 가는 문,,179998,movie,no_existing_match,dry_run_new_content_to_create,would_update_completed,
399,400,여성향 게임의 파멸 플래그밖에 없는 악역 영애로  환생해버렸다…,여성향 게임의 파멸 플래그밖에 없는 악역 영애로  환생해버렸다…,,94904,tv,no_existing_match,dry_run_new_content_to_create,would_update_completed,
400,401,연모,연모,,129478,tv,no_existing_match,dry_run_new_content_to_create,would_update_completed,
401,402,"오늘 밤, 세계에서 이 사랑이 사라진다 해도","오늘 밤, 세계에서 이 사랑이 사라진다 해도",,,,no_existing_match,manual_review,skipped_manual_review,"low or ambiguous TMDB confidence: best=82, second=82"
402,403,오늘도 매진했습니다,오늘도 매진했습니다,,287011,tv,no_existing_match,dry_run_new_content_to_create,would_update_completed,
403,404,오랫동안 당신을 기다렸습니다,오랫동안 당신을 기다렸습니다,,211217,tv,no_existing_match,dry_run_new_content_to_create,would_update_completed,
404,405,오징어 게임 이야기,오징어 게임 이야기,,1504735,movie,no_existing_match,dry_run_new_content_to_create,would_update_completed,
405,406,외계+인 1부,외계+인 1부,,601796,movie,no_existing_match,dry_run_new_content_to_create,would_update_completed,
406,407,외계+인 2부,외계+인 2부,,626412,movie,no_existing_match,dry_run_new_content_to_create,would_update_completed,
407,408,워,워,,10431,movie,no_existing_match,dry_run_new_content_to_create,would_update_completed,
408,409,원피스,원피스,0f6e279b-64e5-4bae-b8a8-295d13d7a666,,,existing_app_match,dry_run_existing_status_update,would_update_completed,
409,410,원피스 극장판,원피스 극장판,,,,no_existing_match,manual_review,skipped_manual_review,"low or ambiguous TMDB confidence: best=48, second=48"
410,411,의붓엄마와 딸의 블루스,의붓엄마와 딸의 블루스,,81016,tv,no_existing_match,dry_run_new_content_to_create,would_update_completed,
411,412,이 멋진 세계에 축복을!,이 멋진 세계에 축복을!,,65844,tv,no_existing_match,dry_run_new_content_to_create,would_update_completed,
412,413,이치케이의 까마귀,이치케이의 까마귀,,122579,tv,no_existing_match,dry_run_new_content_to_create,would_update_completed,
413,414,익스트랙션,익스트랙션,,,,no_existing_match,manual_review,skipped_manual_review,"low or ambiguous TMDB confidence: best=82, second=82"
414,415,인비저블 게스트,인비저블 게스트,,411088,movie,no_existing_match,dry_run_new_content_to_create,would_update_completed,
415,416,자동판매기로 다시 태어난 나는 미궁을 방랑한다,자동판매기로 다시 태어난 나는 미궁을 방랑한다,,207564,tv,no_existing_match,dry_run_new_content_to_create,would_update_completed,
416,417,장도바리바리,장도바리바리,,293368,tv,no_existing_match,dry_run_new_content_to_create,would_update_completed,
417,418,"전,란","전,란",,1075676,movie,no_existing_match,dry_run_new_content_to_create,would_update_completed,
418,419,좋아하면 울리는,좋아하면 울리는,,89641,tv,no_existing_match,dry_run_new_content_to_create,would_update_completed,
419,420,지옥,지옥,,106651,tv,no_existing_match,dry_run_new_content_to_create,would_update_completed,
420,421,진,진,,,,no_existing_match,manual_review,skipped_manual_review,"low or ambiguous TMDB confidence: best=72, second=70"
421,422,진짜가 나타났다!,진짜가 나타났다!,,214422,tv,no_existing_match,dry_run_new_content_to_create,would_update_completed,
422,423,질투의 화신,질투의 화신,,66560,tv,no_existing_match,dry_run_new_content_to_create,would_update_completed,
423,424,천하제빵,천하제빵,,,,no_existing_match,manual_review,skipped_manual_review,"low or ambiguous TMDB confidence: best=48, second=0"
424,425,체인지데이즈,체인지데이즈,,129760,tv,no_existing_match,dry_run_new_content_to_create,would_update_completed,
425,426,치히로 상,치히로 상,,1024621,movie,no_existing_match,dry_run_new_content_to_create,would_update_completed,
426,427,카케구루이,카케구루이,,,,no_existing_match,manual_review,skipped_manual_review,"low or ambiguous TMDB confidence: best=105, second=104"
427,428,캐리온,캐리온,,1005331,movie,no_existing_match,dry_run_new_content_to_create,would_update_completed,
428,429,캐스터,캐스터,568c14f4-3d50-414a-bff1-6e08e29d9cab,,,existing_app_match,dry_run_existing_status_update,would_update_completed,
429,430,퀵,퀵,,77175,movie,no_existing_match,dry_run_new_content_to_create,would_update_completed,
430,431,크로스,크로스,,,,no_existing_match,manual_review,skipped_manual_review,"low or ambiguous TMDB confidence: best=83, second=82"
431,432,탐정,탐정,,,,no_existing_match,manual_review,skipped_manual_review,"low or ambiguous TMDB confidence: best=49, second=48"
432,433,태어난 김에 음악일주,태어난 김에 음악일주,,261329,tv,no_existing_match,dry_run_new_content_to_create,would_update_completed,
433,434,테라스 하우스,테라스 하우스,,75815,tv,no_existing_match,dry_run_new_content_to_create,would_update_completed,
434,435,트랜스포머,트랜스포머,,1858,movie,no_existing_match,dry_run_new_content_to_create,would_update_completed,
435,436,파반느,파반느,,1268609,movie,no_existing_match,dry_run_new_content_to_create,would_update_completed,
436,437,퍼스트 러브 하츠코이,퍼스트 러브 하츠코이,,210955,tv,no_existing_match,dry_run_new_content_to_create,would_update_completed,
437,438,플루토,플루토,,91997,tv,no_existing_match,dry_run_new_content_to_create,would_update_completed,
438,439,하트시그널,하트시그널,,72976,tv,no_existing_match,dry_run_new_content_to_create,would_update_completed,
439,440,핫 기믹,핫 기믹,,,,no_existing_match,manual_review,skipped_manual_review,"low or ambiguous TMDB confidence: best=48, second=0"
440,441,해골기사님은 지금 이세계 모험 중,해골기사님은 지금 이세계 모험 중,,123528,tv,no_existing_match,dry_run_new_content_to_create,would_update_completed,
441,442,회사는 학교가 아니라고,회사는 학교가 아니라고,,138039,tv,no_existing_match,dry_run_new_content_to_create,would_update_completed,
442,443,회사원,회사원,,134126,movie,no_existing_match,dry_run_new_content_to_create,would_update_completed,
443,444,흔해빠진 직업으로 세계최강,흔해빠진 직업으로 세계최강,,86034,tv,no_existing_match,dry_run_new_content_to_create,would_update_completed,